{"player_position": "", "level": 1, "exp": 0, "health": 3, "agility": 5, "size": 4, "defeated_enemies": {"(1683.4019775390625, 5099.59765625)": true, "(1860.198974609375, 5090.6025390625)": true, "(2431.79833984375, 5215.599609375)": true}, "opened_doors": {}}